Service description,Cost ($),Service ID,Discounts ($),Promotions and others ($),Unrounded subtotal ($),Subtotal ($),Percent change in subtotal compared to previous period
Cloud SQL,2287.08,9662-B51E-5089,343.06199999999995,114.354,1829.664,1829.66,0%
Cloud Storage,2143.16,95FF-2EF5-5EA1,321.474,107.158,1714.528,1714.53,0%
Compute Engine,2112.95,b2c9-4761-b091,316.94249999999994,105.6475,1690.36,1690.36,0%
,6543.19,,981.4784999999999,Subtotal,5234.552,5234.55,
,0.0,,0.0,Tax,0.0,0.0,
,6543.19,,981.4784999999999,Total,5234.552,5234.55,
